"Designator","Footprint","Mid X","Mid Y","Ref X","Ref Y","Pad X","Pad Y","Layer","Rotation","Comment"
""
"R104","RESC1608M","33.55mm","15.05mm","33.55mm","15.05mm","33.55mm","14.1mm","B","90.00","10k N.M."
"R701","R0603","52.0499mm","23.6mm","52.05mm","23.6mm","51.1999mm","23.6mm","T","360.00","0R N.M."
"U700","SO8_PowerPad","53.2mm","20.4mm","53.2mm","20.4mm","50.6mm","22.305mm","T","360.00","TPS2421-2"
"R700","R0603","58.8999mm","18.6mm","58.9mm","18.6mm","58.0499mm","18.6mm","T","360.00","500k"
"C700","CAPC1608M","58.95mm","20.05mm","58.95mm","20.05mm","59.85mm","20.05mm","T","180.00","100nF"
"Q411","Power56","11.195mm","12.83mm","13.1mm","15.5mm","13.1mm","15.5mm","T","180.00","FDMS6673BZ"
"Q410","Power56","5.095mm","12.83mm","7mm","15.5mm","7mm","15.5mm","T","180.00","FDMS6673BZ"
"J2","PIN1","29.5mm","39.878mm","29.5mm","39.6mm","29.5mm","39.878mm","T","0.00","Socket"
"U605","SOT26A-6AM","39.7mm","61mm","39.7mm","61mm","40.825mm","61.95mm","B","180.00","DAC7512"
"U604","SOT26A-6AM","8.1mm","62.8mm","8.1mm","62.8mm","7.15mm","63.925mm","B","270.00","DAC7512"
"U603","SOT23-5AM","65.8mm","63.2mm","65.8mm","63.2mm","64.6mm","62.25mm","B","360.00","ADG701"
"U602","SOT26A-6AM","61.5mm","58.6mm","61.5mm","58.6mm","60.375mm","57.65mm","B","360.00","DAC7512"
"R304","RESC1608M","76.2mm","16.9mm","76.2mm","16.9mm","76.2mm","15.95mm","B","90.00","1k5"
"R303","RESC1608M","74.5mm","16.9mm","74.5mm","16.9mm","74.5mm","15.95mm","B","90.00","1k5"
"R7_M506","RESC1608M","53.4mm","7.8mm","53.4mm","7.8mm","53.4mm","6.85mm","B","90.00","2k"
"R7_M505","RESC1608M","17.9mm","6.4mm","17.9mm","6.4mm","16.95mm","6.4mm","B","360.00","2k"
"R7_M504","RESC1608M","36.7mm","14.3mm","36.7mm","14.3mm","36.7mm","15.25mm","B","270.00","2k"
"R7_M503","RESC1608M","59.7mm","35.15mm","59.7mm","35.15mm","59.7mm","36.1mm","B","270.00","2k"
"R7_M502","RESC1608M","50.8mm","36.3mm","50.8mm","36.3mm","49.85mm","36.3mm","B","360.00","2k"
"R7_M501","RESC1608M","35.3mm","25.5mm","35.3mm","25.5mm","35.3mm","24.55mm","B","90.00","2k"
"C4_M506","C0603K","53.4mm","4.55mm","53.4mm","4.55mm","53.4mm","5.425mm","B","270.00","1uF"
"C4_M505","C0603K","17.85mm","4.95mm","17.85mm","4.95mm","16.975mm","4.95mm","B","360.00","1uF"
"C4_M504","C0603K","35.3mm","14.3mm","35.3mm","14.3mm","35.3mm","15.175mm","B","270.00","1uF"
"C4_M503","C0603K","58.15mm","35.15mm","58.15mm","35.15mm","58.15mm","36.025mm","B","270.00","1uF"
"C4_M502","C0603K","54.3mm","36.3mm","54.3mm","36.3mm","53.425mm","36.3mm","B","360.00","1uF"
"C4_M501","C0603K","36.7mm","23.7mm","36.7mm","23.7mm","36.7mm","24.575mm","B","270.00","1uF"
"R6_B3","RESC1608M","71.6mm","70mm","71.6mm","70mm","71.6mm","70.95mm","B","270.00","2k"
"R6_B2","RESC1608M","44.5mm","70.1mm","44.5mm","70.1mm","44.5mm","71.05mm","B","270.00","2k"
"R6_B1","RESC1608M","17.8mm","70.3mm","17.8mm","70.3mm","17.8mm","71.25mm","B","270.00","2k"
"C6_B3","CAPC1608M","70mm","70mm","70mm","70mm","70mm","69.1mm","B","90.00","1uF"
"C6_B2","CAPC1608M","42.9mm","70.1mm","42.9mm","70.1mm","42.9mm","69.2mm","B","90.00","1uF"
"C6_B1","CAPC1608M","16.2mm","70.3mm","16.2mm","70.3mm","16.2mm","69.4mm","B","90.00","1uF"
"R103","RESC1608M","3.4mm","58.2mm","3.4mm","58.2mm","4.35mm","58.2mm","B","180.00","2K"
"R102","RESC1608M","7.5mm","23.3mm","7.5mm","23.3mm","7.5mm","22.35mm","B","90.00","2K"
"C103","CAPC1608M","6.4mm","56.9mm","6.4mm","56.9mm","6.4mm","57.8mm","B","270.00","1uF"
"C102","CAPC1608M","9mm","23.3mm","9mm","23.3mm","9mm","22.4mm","B","90.00","1uF"
"R622","RESC1608M","69.5mm","40mm","69.5mm","40mm","69.5mm","39.05mm","B","90.00","300k"
"R621","RESC1608M","34.2mm","59.2mm","34.2mm","59.2mm","33.25mm","59.2mm","B","360.00","300k"
"R620","RESC1608M","29.4mm","58.4mm","29.4mm","58.4mm","28.45mm","58.4mm","B","360.00","300k"
"R619","RESC1608M","29.4mm","56.8mm","29.4mm","56.8mm","28.45mm","56.8mm","B","360.00","300k"
"R414","RESC1608M","12.8mm","6.6mm","12.8mm","6.6mm","12.8mm","7.55mm","B","270.00","100k"
"P601","Picoblade_4_pin","34.764mm","80.569mm","34.75mm","79.15mm","32.875mm","79.15mm","B","360.00","53261-0471"
"U601","SOT23-3M","54.5mm","41.95mm","54.5mm","41.95mm","55.5mm","42.9mm","B","180.00","LM4040AIM3-3.0"
"P600","Picoblade_6_pin","22.614mm","80.569mm","21.35mm","79.15mm","19.475mm","79.15mm","B","360.00","53261-0671"
"PBAT","BATTERY-CONNECTOR","0mm","34.798mm","0mm","34.798mm","2.54mm","41.798mm","B","180.00","2x8WAY"
"C4_B50","CAPC1608M","51.55mm","16mm","51.55mm","16mm","51.55mm","15.1mm","T","90.00","10nF"
"C2_B50","CAPC3216M","53.25mm","13mm","53.25mm","13mm","51.7mm","13mm","T","360.00","4.7uF"
"U1_M506","SOP8","61.913mm","5.371mm","59.213mm","1.621mm","63.818mm","2.821mm","B","90.00","MIC2043-2YM"
"U1_M505","SOP8","26.367mm","5.36mm","23.667mm","1.61mm","28.272mm","2.81mm","B","90.00","MIC2043-2YM"
"U1_M504","SOP8","44.178mm","5.358mm","41.478mm","1.608mm","46.083mm","2.808mm","B","90.00","MIC2043-2YM"
"U1_M503","SOP8","63.286mm","29.1mm","65.986mm","32.85mm","61.381mm","31.65mm","B","270.00","MIC2043-2YM"
"U1_M502","SOP8","45.547mm","29.098mm","48.247mm","32.848mm","43.642mm","31.648mm","B","270.00","MIC2043-2YM"
"U1_M501","SOP8","27.818mm","29.038mm","30.518mm","32.788mm","25.913mm","31.588mm","B","270.00","MIC2043-2YM"
"BAT100","DUAL-18650-SINGLEENDED","34.192mm","39.878mm","18.748mm","39.878mm","5.948mm","50.69mm","T","0.00","BP2"
"C1_B1","CAPC2012M","9.6mm","69.5mm","9.6mm","69.5mm","8.65mm","69.5mm","B","360.00","220nF"
"C1_B2","CAPC2012M","36.4mm","69.5mm","36.4mm","69.5mm","35.45mm","69.5mm","B","360.00","220nF"
"C1_B3","CAPC2012M","63.3mm","69.5mm","63.3mm","69.5mm","62.35mm","69.5mm","B","360.00","220nF"
"C2_B1","594D107X9016D2T","19.709mm","65.483mm","19.709mm","67.783mm","19.709mm","67.783mm","T","270.00","100uF"
"C2_B2","594D107X9016D2T","46.857mm","65.481mm","46.857mm","67.781mm","46.857mm","67.781mm","T","270.00","100uF"
"C2_B3","594D107X9016D2T","73.791mm","65.504mm","73.791mm","67.804mm","73.791mm","67.804mm","T","270.00","100uF"
"C2_B33","CAPC3216M","26.1mm","12.975mm","26.1mm","12.975mm","24.55mm","12.975mm","T","360.00","4.7uF"
"C3_B1","CAPC1608M","5.584mm","68.408mm","5.584mm","68.408mm","6.484mm","68.408mm","B","180.00","47pF"
"C3_B2","CAPC1608M","32.732mm","68.406mm","32.732mm","68.406mm","33.632mm","68.406mm","B","180.00","47pF"
"C3_B3","CAPC1608M","59.666mm","68.429mm","59.666mm","68.429mm","60.566mm","68.429mm","B","180.00","47pF"
"C3_B33","CAPC1608M","19.5mm","9.85mm","19.5mm","9.85mm","19.5mm","8.95mm","T","90.00","220nF"
"C3_B50","CAPC1608M","46.65mm","9.875mm","46.65mm","9.875mm","46.65mm","8.975mm","T","90.00","220nF"
"C4_B1","CAPC1608M","4.684mm","72.833mm","4.684mm","72.833mm","4.684mm","71.933mm","B","90.00","NM"
"C4_B2","CAPC1608M","31.832mm","72.831mm","31.832mm","72.831mm","31.832mm","71.931mm","B","90.00","NM"
"C4_B3","CAPC1608M","58.766mm","72.854mm","58.766mm","72.854mm","58.766mm","71.954mm","B","90.00","NM"
"C4_B33","CAPC1608M","24.4mm","15.975mm","24.4mm","15.975mm","24.4mm","15.075mm","T","90.00","10nF"
"C5_B33","594D107X9016D2T","41.47mm","-0.215mm","41.47mm","2.085mm","41.47mm","2.085mm","T","270.00","100uF"
"C5_B50","594D107X9016D2T","68.62mm","-0.19mm","68.62mm","2.11mm","68.62mm","2.11mm","T","270.00","100uF"
"C100","594D127X0020R2T","26.15mm","67.9mm","26.15mm","65.6mm","26.15mm","65.6mm","B","90.00","100uF"
"C101","594D127X0020R2T","53.15mm","68.15mm","53.15mm","65.85mm","53.15mm","65.85mm","B","90.00","100uF"
"C200","CAPC1608M","15.2mm","53mm","15.2mm","53mm","15.2mm","53.9mm","B","270.00","100nF"
"C201","CAPC1608M","14.2mm","49.5mm","14.2mm","49.5mm","14.2mm","48.6mm","B","90.00","100n"
"C202","CAPC1608M","10.5mm","53mm","10.5mm","53mm","10.5mm","52.1mm","B","90.00","100pF"
"C400","CAPC1608M","3.4mm","11.7mm","3.4mm","11.7mm","3.4mm","10.8mm","B","90.00","1uF"
"D1_B1","SS10p4","-0.891mm","67.478mm","-0.891mm","69.883mm","-0.891mm","69.883mm","T","360.00","SS10P4"
"D1_B2","SS10p4","26.3mm","67.495mm","26.3mm","69.9mm","26.3mm","69.9mm","T","360.00","SS10P4"
"D1_B3","SS10p4","53.2mm","67.495mm","53.2mm","69.9mm","53.2mm","69.9mm","T","360.00","SS10P4"
"D1_B33","SS10p4","34.75mm","-0.61mm","34.75mm","-3.015mm","34.75mm","-3.015mm","T","360.00","SS10P4"
"D1_B50","SS10p4","61.9mm","-0.585mm","61.9mm","-2.99mm","61.9mm","-2.99mm","T","360.00","SS10P4"
"L1_B1","HC9","9.874mm","68.588mm","14.874mm","68.588mm","14.874mm","68.588mm","T","180.00","22uH HC9"
"L1_B2","HC9","37.022mm","68.586mm","42.022mm","68.586mm","42.022mm","68.586mm","T","180.00","22uH HC9"
"L1_B3","HC9","63.956mm","68.609mm","68.956mm","68.609mm","68.956mm","68.609mm","T","180.00","22uH HC9"
"L1_B33","HC9","38.15mm","11.55mm","33.15mm","11.55mm","33.15mm","11.55mm","T","360.00","4.7uH 74477004"
"L1_B50","HC9","65.25mm","11.55mm","60.25mm","11.55mm","60.25mm","11.55mm","T","360.00","4.7uH 74477004"
"P100","PICOBLADE_4_PIN","12.786mm","80.489mm","12.8mm","79.07mm","14.675mm","79.07mm","T","180.00","53398-0471"
"P101","PICOBLADE_4_PIN","34.611mm","80.489mm","34.625mm","79.07mm","36.5mm","79.07mm","T","180.00","53398-0471"
"P102","PICOBLADE_4_PIN","56.4609mm","80.489mm","56.4749mm","79.07mm","58.3499mm","79.07mm","T","180.00","53398-0471"
"P103","PICOBLADE_4_PIN","23.686mm","80.489mm","23.7mm","79.07mm","25.575mm","79.07mm","T","180.00","53398-0471"
"P104","PICOBLADE_4_PIN","45.511mm","80.489mm","45.525mm","79.07mm","47.4mm","79.07mm","T","180.00","53398-0471"
"P105","PICOBLADE_4_PIN","67.411mm","80.494mm","67.425mm","79.075mm","69.3mm","79.075mm","T","180.00","53398-0471"
"P106","HDR2X2H","1.43mm","49.47mm","2.7mm","48.2mm","2.7mm","48.2mm","T","90.00","4WAY"
"P400","Picoblade_6_pin","11.964mm","0.781mm","10.7mm","2.2mm","8.825mm","2.2mm","T","360.00","53261-0671"
"Q1_B1","SOT23","13.409mm","69.183mm","13.409mm","69.183mm","14.359mm","68.0829mm","B","180.00","TN0200K"
"Q1_B2","SOT23","40.557mm","69.181mm","40.557mm","69.181mm","41.507mm","68.0809mm","B","180.00","TN0200K"
"Q1_B3","SOT23","67.491mm","69.204mm","67.491mm","69.204mm","68.441mm","68.1039mm","B","180.00","TN0200K"
"Q2_B1","SUPERSOT-6","0.075mm","73.325mm","0.075mm","72.375mm","1.375mm","72.375mm","T","90.00","FDC637AN"
"Q2_B2","SUPERSOT-6","27.475mm","73.325mm","27.475mm","72.375mm","28.775mm","72.375mm","T","90.00","FDC637AN"
"Q2_B3","SUPERSOT-6","54.4mm","73.35mm","54.4mm","72.4mm","55.7mm","72.4mm","T","90.00","FDC637AN"
"Q200","SOT23","11.6mm","49.3mm","11.6mm","49.3mm","10.65mm","50.4001mm","B","360.00","TN0200K"
"Q201","SOT23","11.5mm","45.4mm","11.5mm","45.4mm","10.3999mm","44.45mm","B","90.00","FDN5618P"
"Q400","SOT23","-0.35mm","17.1mm","-0.35mm","17.1mm","0.7501mm","18.05mm","B","270.00","MMBT5087"
"Q401","sot23","7.8mm","11.7mm","7.8mm","11.7mm","6.6999mm","10.75mm","B","90.00","MMBT5088"
"Q402","sot23","9.8156mm","17.0343mm","9.8156mm","17.0343mm","8.7155mm","16.0844mm","B","90.00","MMBT5088"
"Q404","sot23","10mm","5.4mm","10mm","5.4mm","8.8999mm","4.45mm","B","90.00","MMBT5088"
"R1_B1","RESC1608M","11.784mm","72.733mm","11.784mm","72.733mm","11.784mm","71.783mm","B","90.00","160k"
"R1_B2","RESC1608M","38.932mm","72.731mm","38.932mm","72.731mm","38.932mm","71.781mm","B","90.00","160k"
"R1_B3","RESC1608M","65.866mm","72.754mm","65.866mm","72.754mm","65.866mm","71.804mm","B","90.00","160k"
"R1_B33","RESC1608M","22.71mm","13.515mm","22.71mm","13.515mm","22.71mm","12.565mm","T","90.00","6k8"
"R1_B50","RESC1608M","49.86mm","13.54mm","49.86mm","13.54mm","49.86mm","12.59mm","T","90.00","6k8"
"R2_B1","RESC1608M","13.384mm","72.733mm","13.384mm","72.733mm","13.384mm","73.683mm","B","270.00","100k"
"R2_B2","RESC1608M","40.532mm","72.731mm","40.532mm","72.731mm","40.532mm","73.681mm","B","270.00","100k"
"R2_B3","RESC1608M","67.466mm","72.754mm","67.466mm","72.754mm","67.466mm","73.704mm","B","270.00","100k"
"R2_B33","RESC1608M","21.11mm","13.515mm","21.11mm","13.515mm","21.11mm","12.565mm","T","90.00","3k48"
"R2_B50","RESC1608M","48.26mm","13.54mm","48.26mm","13.54mm","48.26mm","12.59mm","T","90.00","3k48"
"R3_B1","RESC1608M","5.584mm","66.808mm","5.584mm","66.808mm","4.634mm","66.808mm","B","360.00","8k2"
"R3_B2","RESC1608M","32.732mm","66.806mm","32.732mm","66.806mm","31.782mm","66.806mm","B","360.00","8k2"
"R3_B3","RESC1608M","59.666mm","66.829mm","59.666mm","66.829mm","58.716mm","66.829mm","B","360.00","8k2"
"R3_B33","RESC1608M","19.5mm","13.45mm","19.5mm","13.45mm","19.5mm","14.4mm","T","270.00","5k6"
"R3_B50","RESC1608M","46.65mm","13.475mm","46.65mm","13.475mm","46.65mm","14.425mm","T","270.00","5k6"
"R4_B1","RESC1608M","5.584mm","69.908mm","5.584mm","69.908mm","6.534mm","69.908mm","B","180.00","4k3"
"R4_B2","RESC1608M","32.732mm","69.906mm","32.732mm","69.906mm","33.682mm","69.906mm","B","180.00","4k3"
"R4_B3","RESC1608M","59.666mm","69.929mm","59.666mm","69.929mm","60.616mm","69.929mm","B","180.00","4k3"
"R5_B1","RESC1608M","6.2mm","72.8mm","6.2mm","72.8mm","6.2mm","71.85mm","B","90.00","1M"
"R5_B2","RESC1608M","33.332mm","72.831mm","33.332mm","72.831mm","33.332mm","71.881mm","B","90.00","1M"
"R5_B3","RESC1608M","60.266mm","72.854mm","60.266mm","72.854mm","60.266mm","71.904mm","B","90.00","1M"
"R100","FOOTPRINT_1812","-2.1mm","55.1mm","-2.1mm","55.1mm","-2.1mm","57.15mm","T","270.00","0.005R"
"R101","FOOTPRINT_1812","1.6mm","18.5mm","1.6mm","18.5mm","-0.45mm","18.5mm","T","360.00","0.005R"
"R107_B1","FOOTPRINT_1812","20.209mm","72.683mm","20.209mm","72.683mm","20.209mm","74.733mm","T","270.00","0.01R"
"R107_B2","FOOTPRINT_1812","47.357mm","72.681mm","47.357mm","72.681mm","47.357mm","74.731mm","T","270.00","0.01R"
"R107_B3","FOOTPRINT_1812","74.291mm","72.704mm","74.291mm","72.704mm","74.291mm","74.754mm","T","270.00","0.01R"
"R200","RESC1608M","13.6mm","56.6mm","13.6mm","56.6mm","13.6mm","57.55mm","B","270.00","10k"
"R201","RESC1608M","15.2mm","56.6mm","15.2mm","56.6mm","15.2mm","57.55mm","B","270.00","910k"
"R202","RESC1608M","12mm","53mm","12mm","53mm","12mm","53.95mm","B","270.00","300k"
"R203","RESC1608M","8.3mm","47.3mm","8.3mm","47.3mm","8.3mm","48.25mm","B","270.00","300k"
"R204","RESC1608M","12mm","56.6mm","12mm","56.6mm","12mm","57.55mm","B","270.00","8k"
"R205","RESC1608M","19.7mm","49.8mm","19.7mm","49.8mm","18.75mm","49.8mm","B","360.00","NM"
"R206","RESC1608M","15.7mm","46.1mm","15.7mm","46.1mm","15.7mm","47.05mm","B","270.00","75k"
"R207","RESC1608M","17.2mm","49.5mm","17.2mm","49.5mm","17.2mm","50.45mm","B","270.00","33k"
"R208","RESC1608M","14.2mm","46.1mm","14.2mm","46.1mm","14.2mm","47.05mm","B","270.00","100k"
"R209","RESC1608M","15.7mm","49.5mm","15.7mm","49.5mm","15.7mm","48.55mm","B","90.00","68k"
"R210","RESC1608M","9mm","53mm","9mm","53mm","9mm","52.05mm","B","90.00","1M"
"R400","RESC1608M","2.5mm","14.3mm","2.5mm","14.3mm","3.45mm","14.3mm","B","180.00","100k"
"R401","RESC1608M","1.7mm","11.7mm","1.7mm","11.7mm","1.7mm","10.75mm","B","90.00","100k"
"R402","RESC1608M","5.1mm","8.2mm","5.1mm","8.2mm","5.1mm","7.25mm","B","90.00","100R"
"R403","RESC1608M","5.1mm","15.3mm","5.1mm","15.3mm","5.1mm","16.25mm","B","270.00","10k"
"R404","RESC1608M","5.1mm","11.7mm","5.1mm","11.7mm","5.1mm","12.65mm","B","270.00","47k"
"R405","RESC1608M","2.4mm","19.7mm","2.4mm","19.7mm","3.35mm","19.7mm","B","180.00","51k"
"R406","RESC1608M","6.1mm","18mm","6.1mm","18mm","7.05mm","18mm","B","180.00","51k"
"R407","RESC1608M","6.55mm","15.3mm","6.55mm","15.3mm","6.55mm","16.25mm","B","270.00","300k"
"R408","RESC1608M","6.1mm","19.7mm","6.1mm","19.7mm","5.15mm","19.7mm","B","360.00","NM"
"R409","RESC1608M","9.65mm","13.1mm","9.65mm","13.1mm","10.6mm","13.1mm","B","180.00","300k"
"R410","RESC1608M","10.95mm","8.55mm","10.95mm","8.55mm","10.95mm","7.6mm","B","90.00","1k"
"R411","RESC1608M","5.2mm","3.7mm","5.2mm","3.7mm","6.15mm","3.7mm","B","180.00","100k"
"U1_B1","MF05A_N","8.5mm","72.6mm","8.5mm","72.6mm","7.55mm","73.8mm","B","270.00","LMV7239"
"U1_B2","MF05A_N","35.6mm","72.6mm","35.6mm","72.6mm","34.65mm","73.8mm","B","270.00","LMV7239"
"U1_B3","MF05A_N","62.6mm","72.7mm","62.6mm","72.7mm","61.65mm","73.9mm","B","270.00","LMV7239"
"U1_B33","LM22679","25.47mm","4.7025mm","29.28mm","9.315mm","29.28mm","9.315mm","T","180.00","LM22679-ADJ"
"U1_B50","LM22679","52.62mm","4.7275mm","56.43mm","9.34mm","56.43mm","9.34mm","T","180.00","LM22679-ADJ"
"U2_B1","SOT23-5_L","17mm","73.6mm","17mm","73.6mm","15.8mm","72.65mm","B","360.00","MAX4372H"
"U2_B2","SOT23-5_L","43.5mm","73.4mm","43.5mm","73.4mm","42.3mm","72.45mm","B","360.00","MAX4372H"
"U2_B3","SOT23-5_L","70.5mm","73.5mm","70.5mm","73.5mm","69.3mm","72.55mm","B","360.00","MAX4372H"
"U100","SOT23-5_L","-1.26mm","57.93mm","-1.26mm","57.93mm","-0.06mm","58.88mm","B","180.00","MAX4372H"
"U101","SOT23-5_L","4.6mm","24.1mm","4.6mm","24.1mm","5.8mm","25.05mm","B","180.00","MAX4372F"
"U200","MF05A_N","18mm","56.5mm","18mm","56.5mm","16.8mm","55.55mm","B","360.00","LMP2231"
"U201","MF05A_N","9.3mm","56.5mm","9.3mm","56.5mm","8.1mm","55.55mm","B","360.00","LMV7239"
"C1_M501","CAPC3216M","32.26mm","29.74mm","32.26mm","29.74mm","32.26mm","31.29mm","B","270.00","4.7uF"
"C1_M502","CAPC3216M","49.989mm","29.8mm","49.989mm","29.8mm","49.989mm","31.35mm","B","270.00","4.7uF"
"C1_M503","CAPC3216M","67.728mm","29.802mm","67.728mm","29.802mm","67.728mm","31.352mm","B","270.00","4.7uF"
"C1_M504","CAPC3216M","39.736mm","4.456mm","39.736mm","4.456mm","39.736mm","2.906mm","B","90.00","4.7uF"
"C1_M505","CAPC3216M","21.925mm","4.458mm","21.925mm","4.458mm","21.925mm","2.908mm","B","90.00","4.7uF"
"C1_M506","CAPC3216M","57.471mm","4.469mm","57.471mm","4.469mm","57.471mm","2.919mm","B","90.00","4.7uF"
"C2_M501","C0603K","20.86mm","23.24mm","20.86mm","23.24mm","20.86mm","22.365mm","B","90.00","100pF"
"C2_M502","C0603K","38.589mm","23.3mm","38.589mm","23.3mm","38.589mm","22.425mm","B","90.00","100pF"
"C2_M503","C0603K","56.328mm","23.302mm","56.328mm","23.302mm","56.328mm","22.427mm","B","90.00","100pF"
"C2_M504","C0603K","51.136mm","11.156mm","51.136mm","11.156mm","51.136mm","12.031mm","B","270.00","100pF"
"C2_M505","C0603K","33.325mm","11.158mm","33.325mm","11.158mm","33.325mm","12.033mm","B","270.00","100pF"
"C2_M506","C0603K","68.871mm","11.169mm","68.871mm","11.169mm","68.871mm","12.044mm","B","270.00","100pF"
"C3_M501","594D107X9016D2T","22.46mm","29.24mm","22.46mm","26.94mm","22.46mm","26.94mm","B","90.00","100uF"
"C3_M502","594D107X9016D2T","40.189mm","29.3mm","40.189mm","27mm","40.189mm","27mm","B","90.00","100uF"
"C3_M503","594D107X9016D2T","57.928mm","29.302mm","57.928mm","27.002mm","57.928mm","27.002mm","B","90.00","100uF"
"C3_M504","594D107X9016D2T","49.536mm","5.156mm","49.536mm","7.456mm","49.536mm","7.456mm","B","270.00","100uF"
"C3_M505","594D107X9016D2T","31.725mm","5.158mm","31.725mm","7.458mm","31.725mm","7.458mm","B","270.00","100uF"
"C3_M506","594D107X9016D2T","67.271mm","5.169mm","67.271mm","7.469mm","67.271mm","7.469mm","B","270.00","100uF"
"R1_M501","R0603","32.0599mm","33.54mm","32.06mm","33.54mm","31.2099mm","33.54mm","B","360.00","100k"
"R1_M502","R0603","49.7889mm","33.6mm","49.789mm","33.6mm","48.9389mm","33.6mm","B","360.00","100k"
"R1_M503","R0603","67.5279mm","33.602mm","67.528mm","33.602mm","66.6779mm","33.602mm","B","360.00","100k"
"R1_M504","R0603","39.9361mm","0.856mm","39.936mm","0.856mm","40.7861mm","0.856mm","B","180.00","100k"
"R1_M505","R0603","22.1251mm","0.858mm","22.125mm","0.858mm","22.9751mm","0.858mm","B","180.00","100k"
"R1_M506","R0603","57.6711mm","0.869mm","57.671mm","0.869mm","58.5211mm","0.869mm","B","180.00","100k"
"R2_M501","R0603","28.8599mm","33.54mm","28.86mm","33.54mm","28.0099mm","33.54mm","B","360.00","180"
"R2_M502","R0603","46.5889mm","33.6mm","46.589mm","33.6mm","45.7389mm","33.6mm","B","360.00","180"
"R2_M503","R0603","64.3279mm","33.602mm","64.328mm","33.602mm","63.4779mm","33.602mm","B","360.00","180"
"R2_M504","R0603","43.1361mm","0.856mm","43.136mm","0.856mm","43.9861mm","0.856mm","B","180.00","180"
"R2_M505","R0603","25.3251mm","0.858mm","25.325mm","0.858mm","26.1751mm","0.858mm","B","180.00","180"
"R2_M506","R0603","60.8711mm","0.869mm","60.871mm","0.869mm","61.7211mm","0.869mm","B","180.00","180"
"R3_M501","RESC1608M","32.26mm","22.14mm","32.26mm","22.14mm","33.21mm","22.14mm","B","180.00","0R"
"R3_M502","RESC1608M","49.989mm","22.2mm","49.989mm","22.2mm","50.939mm","22.2mm","B","180.00","0R"
"R3_M503","RESC1608M","67.728mm","22.202mm","67.728mm","22.202mm","68.678mm","22.202mm","B","180.00","0R"
"R3_M504","RESC1608M","39.736mm","12.256mm","39.736mm","12.256mm","38.786mm","12.256mm","B","360.00","0R"
"R3_M505","RESC1608M","21.925mm","12.258mm","21.925mm","12.258mm","20.975mm","12.258mm","B","360.00","0R"
"R3_M506","RESC1608M","57.471mm","12.269mm","57.471mm","12.269mm","56.521mm","12.269mm","B","360.00","0R"
"R4_M501","RESC1608M","32.26mm","20.64mm","32.26mm","20.64mm","33.21mm","20.64mm","B","180.00","0R"
"R4_M502","RESC1608M","49.989mm","20.7mm","49.989mm","20.7mm","50.939mm","20.7mm","B","180.00","0R"
"R4_M503","RESC1608M","67.728mm","20.702mm","67.728mm","20.702mm","68.678mm","20.702mm","B","180.00","0R"
"R4_M504","RESC1608M","39.736mm","13.756mm","39.736mm","13.756mm","38.786mm","13.756mm","B","360.00","0R"
"R4_M505","RESC1608M","21.925mm","13.758mm","21.925mm","13.758mm","20.975mm","13.758mm","B","360.00","0R"
"R4_M506","RESC1608M","57.471mm","13.769mm","57.471mm","13.769mm","56.521mm","13.769mm","B","360.00","0R"
"R5_M501","FOOTPRINT_1812","27.76mm","22.24mm","27.76mm","22.24mm","27.76mm","20.19mm","B","90.00","0.025R"
"R5_M502","FOOTPRINT_1812","45.489mm","22.3mm","45.489mm","22.3mm","45.489mm","20.25mm","B","90.00","0.025R"
"R5_M503","FOOTPRINT_1812","63.228mm","22.302mm","63.228mm","22.302mm","63.228mm","20.252mm","B","90.00","0.025R"
"R5_M504","FOOTPRINT_1812","44.236mm","12.156mm","44.236mm","12.156mm","44.236mm","14.206mm","B","270.00","0.025R"
"R5_M505","FOOTPRINT_1812","26.425mm","12.158mm","26.425mm","12.158mm","26.425mm","14.208mm","B","270.00","0.025R"
"R5_M506","FOOTPRINT_1812","61.971mm","12.169mm","61.971mm","12.169mm","61.971mm","14.219mm","B","270.00","0.025R"
"R6_M501","FOOTPRINT_1812","23.66mm","22.24mm","23.66mm","22.24mm","23.66mm","20.19mm","B","90.00","0.025R"
"R6_M502","FOOTPRINT_1812","41.389mm","22.3mm","41.389mm","22.3mm","41.389mm","20.25mm","B","90.00","0.025R"
"R6_M503","FOOTPRINT_1812","59.128mm","22.302mm","59.128mm","22.302mm","59.128mm","20.252mm","B","90.00","0.025R"
"R6_M504","FOOTPRINT_1812","48.336mm","12.156mm","48.336mm","12.156mm","48.336mm","14.206mm","B","270.00","0.025R"
"R6_M505","FOOTPRINT_1812","30.525mm","12.158mm","30.525mm","12.158mm","30.525mm","14.208mm","B","270.00","0.025R"
"R6_M506","FOOTPRINT_1812","66.071mm","12.169mm","66.071mm","12.169mm","66.071mm","14.219mm","B","270.00","0.025R"
"U2_M501","SOT23-5_L","32.36mm","25.04mm","32.36mm","25.04mm","31.41mm","26.24mm","B","270.00","MAX4372F"
"U2_M502","SOT23-5_L","50.089mm","25.1mm","50.089mm","25.1mm","49.139mm","26.3mm","B","270.00","MAX4372F"
"U2_M503","SOT23-5_L","67.828mm","25.102mm","67.828mm","25.102mm","66.878mm","26.302mm","B","270.00","MAX4372F"
"U2_M504","SOT23-5_L","39.636mm","9.656mm","39.636mm","9.656mm","40.586mm","8.456mm","B","90.00","MAX4372F"
"U2_M505","SOT23-5_L","21.825mm","9.658mm","21.825mm","9.658mm","22.775mm","8.458mm","B","90.00","MAX4372F"
"U2_M506","SOT23-5_L","57.371mm","9.669mm","57.371mm","9.669mm","58.321mm","8.469mm","B","90.00","MAX4372F"
"C600","CAPC1608M","54.5mm","44.15mm","54.5mm","44.15mm","53.6mm","44.15mm","B","360.00","1uF"
"R600","RESC1608M","54.5mm","45.75mm","54.5mm","45.75mm","53.55mm","45.75mm","B","360.00","2K"
"U600","100T1_N","39mm","47.5mm","39mm","47.5mm","45mm","39.95mm","B","90.00","ATMEGA2560"
"H1","footprint_2x26_stik","79.502mm","39.37mm","78.232mm","71.12mm","78.232mm","71.12mm","T","0.00","SSQ-126-03-G-D"
"H2","footprint_2x26_stik","84.582mm","39.37mm","83.312mm","71.12mm","83.312mm","71.12mm","T","0.00","SSQ-126-03-G-D"
"C500","CAPC1608M","63.9mm","55.225mm","63.9mm","55.225mm","63mm","55.225mm","B","360.00","100nF"
"C501","CAPC1608M","63.95mm","47.725mm","63.95mm","47.725mm","63.05mm","47.725mm","B","360.00","100nF"
"C502","CAPC1608M","52.5mm","47.725mm","52.5mm","47.725mm","53.4mm","47.725mm","B","180.00","100nF"
"C503","CAPC1608M","52.5mm","55.225mm","52.5mm","55.225mm","53.4mm","55.225mm","B","180.00","100nF"
"C504","CAPC1608M","58.2mm","48.025mm","58.2mm","48.025mm","59.1mm","48.025mm","B","180.00","100nF"
"C601","CAPC1608M","29.4mm","47mm","29.4mm","47mm","29.4mm","46.1mm","B","90.00","100nF"
"C602","CAPC1608M","37.475mm","57.7mm","37.475mm","57.7mm","36.575mm","57.7mm","B","360.00","100nF"
"C603","CAPC1608M","3.4mm","56.8mm","3.4mm","56.8mm","2.5mm","56.8mm","B","360.00","100nF"
"C604","CAPC1608M","48.7mm","52.8mm","48.7mm","52.8mm","48.7mm","51.9mm","B","90.00","100nF"
"R500","RESC1608M","63.9mm","52.225mm","63.9mm","52.225mm","62.95mm","52.225mm","B","360.00","100k"
"R501","RESC1608M","63.95mm","50.725mm","63.95mm","50.725mm","64.9mm","50.725mm","B","180.00","100k"
"R502","RESC1608M","52.5mm","50.725mm","52.5mm","50.725mm","53.45mm","50.725mm","B","180.00","100k"
"R503","RESC1608M","52.5mm","52.225mm","52.5mm","52.225mm","51.55mm","52.225mm","B","360.00","100k"
"R504","RESC1608M","63.9mm","53.725mm","63.9mm","53.725mm","62.95mm","53.725mm","B","360.00","47k"
"R505","RESC1608M","63.95mm","49.225mm","63.95mm","49.225mm","63mm","49.225mm","B","360.00","47k"
"R506","RESC1608M","52.5mm","49.225mm","52.5mm","49.225mm","53.45mm","49.225mm","B","180.00","47k"
"R507","RESC1608M","52.5mm","53.725mm","52.5mm","53.725mm","53.45mm","53.725mm","B","180.00","47k"
"U500","MTC14_N","58.2mm","51.425mm","58.2mm","51.425mm","61.05mm","53.375mm","B","180.00","LMP2234AMT"
"TMP1","SOT26A-6AM","4.5mm","62.8mm","4.5mm","62.8mm","3.55mm","63.925mm","B","270.00","TMP121"
"TMP2","SOT26A-6AM","18.3mm","-2.2mm","18.3mm","-2.2mm","19.425mm","-1.25mm","B","180.00","TMP121"
"TMP3","SOT26A-6AM","58.4mm","63.4mm","58.4mm","63.4mm","57.45mm","64.525mm","B","270.00","TMP121"
"TMP4","SOT26A-6AM","69.525mm","39.875mm","69.525mm","39.875mm","68.575mm","38.75mm","T","90.00","TMP121"
"C5_B1","CAPC1608M","9.3mm","75.2mm","9.3mm","75.2mm","8.4mm","75.2mm","B","360.00","100nF"
"C5_B2","CAPC1608M","36.5mm","75.3mm","36.5mm","75.3mm","35.6mm","75.3mm","B","360.00","100nF"
"C5_B3","CAPC1608M","63.5mm","75.3mm","63.5mm","75.3mm","62.6mm","75.3mm","B","360.00","100nF"
"C203","CAPC1608M","13.6mm","53mm","13.6mm","53mm","13.6mm","52.1mm","B","90.00","100nF"
"C204","CAPC1608M","17.2mm","53mm","17.2mm","53mm","17.2mm","52.1mm","B","90.00","100nF"
"C800","CAPC1608M","13.3mm","20.4mm","13.3mm","20.4mm","14.2mm","20.4mm","B","180.00","1uF"
"C801","CAPC2012M","15.3mm","25.4mm","15.3mm","25.4mm","16.25mm","25.4mm","B","180.00","4.7uF"
"C802","CAPC1608M","48.8mm","38.8mm","48.8mm","38.8mm","48.8mm","39.7mm","B","270.00","1uF"
"D800","CD1608-0603","-0.3mm","23.2mm","-0.3mm","23.2mm","-0.3mm","22.35mm","B","90.00","CDBU0240"
"D801","CD1608-0603","10.5mm","21.5mm","10.5mm","21.5mm","10.5mm","20.65mm","B","90.00","CDBU0240"
"D802","SS10p4","65.005mm","80.25mm","62.6mm","80.25mm","62.6mm","80.25mm","B","90.00","SS10P4"
"L800","INDC3216AL","62mm","45.55mm","62mm","45.55mm","63.35mm","45.55mm","B","180.00","10uH ELJFA100JF"
"Q800","SOT23","44.1mm","81mm","44.1mm","81mm","42.9999mm","80.05mm","B","90.00","TN0200K"
"Q801","SOT23","44.3mm","77.9mm","44.3mm","77.9mm","45.4001mm","78.85mm","B","270.00","TN0200K"
"Q802","SOT223-4N","52.05mm","80.15mm","52.05mm","80.15mm","49.15mm","77.85mm","B","360.00","NDT456P"
"R800","RESC1608M","41.5mm","78.1mm","41.5mm","78.1mm","41.5mm","79.05mm","B","270.00","300k"
"R801","RESC1608M","12.2mm","22.825mm","12.2mm","22.825mm","12.2mm","21.875mm","B","90.00","100k"
"R802","RESC1608M","46.1mm","82.45mm","46.1mm","82.45mm","45.15mm","82.45mm","B","360.00","300k"
"R803","RESC1608M","47mm","78.85mm","47mm","78.85mm","47mm","77.9mm","B","90.00","300k"
"R804","Footprint_1812","58.9mm","80.35mm","58.9mm","80.35mm","58.9mm","82.4mm","B","270.00","1R 2512"
"U800","SOT23-5BM","15.5mm","22.7mm","15.5mm","22.7mm","14.3mm","21.75mm","B","360.00","MIC5233-3.3YM5 TR"
"C401","594D107X9016D2T","-1.05mm","8.7mm","-1.05mm","11mm","-1.05mm","11mm","T","270.00","100uF"
"Q406","SOT23","1.95mm","5.85mm","1.95mm","5.85mm","2.9mm","4.7499mm","B","180.00","TN0200K"
"R413","RESC1608M","19.55mm","11.1mm","19.55mm","11.1mm","19.55mm","12.05mm","B","270.00","100k"
"R601","RESC1608M","68.2mm","59.1mm","68.2mm","59.1mm","68.2mm","58.15mm","B","90.00","300k"
"R602","RESC1608M","66.2mm","59.1mm","66.2mm","59.1mm","66.2mm","58.15mm","B","90.00","NM"
"R603","RESC1608M","34.7mm","63.4mm","34.7mm","63.4mm","35.65mm","63.4mm","B","180.00","300k"
"R604","RESC1608M","34.7mm","65.1mm","34.7mm","65.1mm","33.75mm","65.1mm","B","360.00","NM"
"R605","RESC1608M","8.1mm","59.8mm","8.1mm","59.8mm","7.15mm","59.8mm","B","360.00","300k"
"R606","RESC1608M","10.5mm","62.9mm","10.5mm","62.9mm","10.5mm","61.95mm","B","90.00","NM"
"KS1","PICOBLADE_2_PIN","11.689mm","80.569mm","11.675mm","79.15mm","11.05mm","79.15mm","B","360.00","53398-0271"
"KS2","PICOBLADE_2_PIN","76.514mm","3.881mm","76.5mm","5.3mm","75.875mm","5.3mm","T","360.00","53398-0271"
"R607","RESC1608M","27.8mm","36.7mm","27.8mm","36.7mm","28.75mm","36.7mm","B","180.00","47k"
"R608","RESC1608M","35.9mm","28mm","35.9mm","28mm","34.95mm","28mm","B","360.00","47k"
"R609","RESC1608M","53.6mm","27.9mm","53.6mm","27.9mm","52.65mm","27.9mm","B","360.00","47k"
"R610","RESC1608M","41.3mm","36.3mm","41.3mm","36.3mm","42.25mm","36.3mm","B","180.00","47k"
"R611","RESC1608M","35.9mm","33.6mm","35.9mm","33.6mm","36.85mm","33.6mm","B","180.00","47k"
"R612","RESC1608M","44.9mm","36.7mm","44.9mm","36.7mm","43.95mm","36.7mm","B","360.00","47k"
"R613","RESC1608M","27.8mm","35.2mm","27.8mm","35.2mm","26.85mm","35.2mm","B","360.00","110k"
"R614","RESC1608M","35.9mm","29.8mm","35.9mm","29.8mm","36.85mm","29.8mm","B","180.00","110k"
"R615","RESC1608M","53.6mm","30.1mm","53.6mm","30.1mm","54.55mm","30.1mm","B","180.00","110k"
"R616","RESC1608M","41.3mm","34.8mm","41.3mm","34.8mm","40.35mm","34.8mm","B","360.00","110k"
"R617","RESC1608M","35.9mm","31.8mm","35.9mm","31.8mm","34.95mm","31.8mm","B","360.00","110k"
"R618","RESC1608M","44.9mm","35.2mm","44.9mm","35.2mm","45.85mm","35.2mm","B","180.00","110k"
"U203","SOT23-3M","19.7mm","52.8mm","19.7mm","52.8mm","20.65mm","51.8mm","B","90.00","LM4040AIM3-2.5"
"R301","RESC1608M","74.3mm","38.3mm","74.3mm","38.3mm","73.35mm","38.3mm","B","360.00","NM"
"R302","RESC1608M","74.3mm","40mm","74.3mm","40mm","73.35mm","40mm","B","360.00","NM"
"PBAT1","M80-5421442","24.2mm","46.9mm","23.075mm","46.9mm","25.575mm","40.9mm","T","270.00","M80-541442"
"U606","SOT23-5AM","39.6mm","64.425mm","39.6mm","64.425mm","40.8mm","65.375mm","B","180.00","ADG701"
"U607","SOT23-5AM","12.9mm","62.8mm","12.9mm","62.8mm","11.95mm","64mm","B","270.00","ADG701"
"D600","CD1608-0603","33.45mm","76.3mm","33.45mm","76.3mm","33.45mm","75.45mm","B","90.00","CDBU0240"
"R624","RESC1608M","69.65mm","63.05mm","69.65mm","63.05mm","69.65mm","62.1mm","B","90.00","300k"
"R625","RESC1608M","31.8mm","76.3mm","31.8mm","76.3mm","31.8mm","75.35mm","B","90.00","10k"
"P107","M80-8280642","4.6mm","39.5mm","7mm","37.5mm","7mm","37.5mm","T","90.00","Header 3X2"
"R415","RESC1608M","13.95mm","10.15mm","13.95mm","10.15mm","13mm","10.15mm","B","360.00","1M"
"R416","RESC1608M","17.25mm","10.15mm","17.25mm","10.15mm","16.3mm","10.15mm","B","360.00","523k"
"R417","RESC1608M","14.05mm","15.45mm","14.05mm","15.45mm","15mm","15.45mm","B","180.00","154k"
"U400","SOT95P280X100-6N","13.9mm","12.8mm","13.9mm","12.8mm","12.95mm","14.025mm","B","270.00","LTC6993-1"
"D400","CD1608-0603","17.8mm","14.4mm","17.8mm","14.4mm","17.8mm","15.25mm","B","270.00","CDBU0240"
"D401","CD1608-0603","19.15mm","14.4mm","19.15mm","14.4mm","19.15mm","15.25mm","B","270.00","CDBU0240"
"R211","RESC1608M","20.4mm","46mm","20.4mm","46mm","20.4mm","45.05mm","B","90.00","100k"
"R212","RESC1608M","18.85mm","46mm","18.85mm","46mm","18.85mm","45.05mm","B","90.00","200k"
"U202","MF05A_N","18.9mm","18mm","18.9mm","18mm","19.85mm","16.8mm","B","90.00","LMV7239"
"BT1","ML614-TZ21","72.7mm","33.85mm","72.7mm","28.85mm","73.45mm","33.85mm","B","90.00","Battery"
"C67","CAPC1005N","75.8mm","55.3mm","75.8mm","55.3mm","75.8mm","55.9mm","B","270.00","100nF"
"R27","RESC1005N","69.4mm","55.3mm","69.4mm","55.3mm","69.4mm","54.7mm","B","90.00","100k"
"R29","RESC1005N","75.15mm","43.4mm","75.15mm","43.4mm","75.75mm","43.4mm","B","180.00","100k"
"R30","RESC1005N","74.55mm","55.3mm","74.55mm","55.3mm","74.55mm","55.9mm","B","270.00","100k"
"U7","SOIC127P600X175-14N","71.9mm","49.8mm","71.9mm","49.8mm","75.71mm","47.2mm","B","90.00","FM33256B-G"
"Y2","XTAL_CC7V-T1A","70mm","44.35mm","70mm","44.35mm","71.25mm","44.35mm","B","180.00","32.768 kHz"
"J1","PIN1","52.35mm","39.878mm","52.35mm","39.7mm","52.35mm","39.878mm","T","0.00","Socket"
"Q1","SUPERSOT-6","55.45mm","38.75mm","55.45mm","37.8mm","54.15mm","37.8mm","B","90.00","FDC6330L"
"R22","RESC1608L","58.35mm","38.75mm","58.35mm","38.75mm","58.35mm","39.5mm","B","270.00","500k"
"R23","RESC1608L","45.35mm","38.1mm","45.35mm","38.1mm","46.1mm","38.1mm","B","180.00","500k"

